Schmetterling;Puder;Porzellan;Markt;Kokon
Pfeffer;Dreieck;Puppe;Italien;Bühne
Asterix;Roboter;Komödie;Sprache;Friseur
Revolver;Maske;Gift;Kernkraft;Fluss
Pistole;Dracula;Brille;Zunge;Ellenbogen
Buffy;Vulkan;Leidenschaft;Hahn;Elektrizität
Gold;Geschichte;Bier;Familie;Stoßstange
Herz;Moskau;Pool;Einhorn;Orange
Zwerg;Zirkus;Elvis;Rasenmäher;Stein
Radio;Birne;Gladiator;Sonne;Getreide
Google;Bogen;Mars;Golf;Ticket
Fuchs;Polizei;Simpson;Donut;Zeitung
Start-up;Wald;Waage;Zeus;Schnecke
Dorf;Wahnsinn;Flamme;Zombie;Joker
Bulldogge;Narbe;Kupfer;Agent;Geburtstag
Limette;Untersuchung;Gotik;Titanic;Maschiene
Raupe;Humor;Ecke;Antarktis;Strand
Torte;Astronaut;Feige;Automat;Glocke
Hammer;Chile;Graffiti;Stacheldraht;Ballon
Terminator;Brief;Kugel;Paradies;Ei
Holliwood;Mücke;Lanze;Börse;Wohnwagen
Barbie;Schokolade;Schnee;Krawatte;Wind
Gedanke;Frankenstein;Strahl;Akzent;Dusche
Gift;Stern;Wolf;Jones;Geburtstag
Gewehr;Aluminium;Bär;Delfin;Strahlen
Diener;Feuerwehr;Glas;Kloß;Griechenland
Bauernhof;Harke;Computer;Nest;Antenne
Karies;Ärmel;Gremlins;Poker;Kuchen
Sombrero;Kleeblatt;Taste;Käse;Chewbacce
Serie;Nest;Gewürz;Eiszeit;Kommando
Pfingsten;Gummi;Topf;Flash;Tunnel
Frankreich;Mond;Kantine;Kaiserpinguin;Werkzeug
Meister;Pony;Rätsel;Alkohol;Lava
Kanone;Freund;Höllenfeuer;Bakterien;Soße
Leber;Brombeere;Tempel;Sand;Pommes
Schmerzmittel;Amor;Regenschirm;Sprung;Wurzel
Krokodil;Schmuck;U-Bahn;Brille;Flacon
Papagei;Ast;Krake;Zyklus;Oper
Doktor;Erdbeere;Blase;Asche;Täter
Wunderkerze;Hans;Casino;Bonbon;Brunnen
Misthaufen;Zauberer;Hockey;Banane;Helene
Kleid;Facebook;Eichel;Gräte;Würdenträger
Tradition;Schlange;Pokal;Picasso;Uhr
Stempel;Vampir;Monopol;Ente;Digital
Mafia;Groß;Hamster;Flocke;Beurteilung
Ziege;Brot;Teufel;Grundschule;Normal
Raumschiff;Bowling;Churchill;Widder;Zerqutschen
Stock;Musketier;Faden;Tulpe;Ikea
Europa;Zirkus;Virus;Krokodil;Senf
Marienenkäfer;Senf;Scherlock;Flasche;Virus
Anmesie;Betrüger;Entwurf;Prophet;Wolke
König;Motor;Friseur;Terror;Portal
Sattel;Juwel;Gorilla;Ufo;Nachbar
Eidechse;Pflanze;Erde;Planet;Schal
Punkt;Unterarm;Schwein;Windeln;Bienenwarbe
Lanze;Dart;Schimmel;Absatz;Depression
Crew;Turnschuhe;Gitter;Moschee;Jaguar
Tot;Amor;Fliese;Dieb;Antike
Rutsche;Eisen;Peru;Poker;Fliege
Recht;Berater;Schweiz;Fernglass;Forscher
Kamin;Pinzette;Diagonale;Schritte;Musik
Hamster;Autokino;Netzwerk;Leder;Entdecker
Revolution;Anwalt;Ehefrau;Dromedar;Historiker
Dachfenster;Auster;Dosenöffner;Kabine;Deckel
Bazooka;Zugriff;Rollschuhe;Schlaganfall;Sessellift
Haselnuss;Wendekreis;Vertrag;Trick;Aroma
Harfe;Schaltung;Temperatur;Diamant;Balance
Pilot;Scherz;Dolmetscher;Mandel;Spule
Keim;Tentakel;Pilz;Knieschoner;Hotel
Bote;Bank;Vorspeise ;Paris;Kapelle
Pfad;Kapelle;Hals;Luft;Kampf
Warze;Sommer;Familie;Zwiebel;Tempel
Lokomotive;Legende;Sandwich;Karton;Urlaub
Reifen;Walross;Schlamm;Kofferraum;Verein
Teenager;Senat;Selbstmord;Wald;Container
Allianz;Mittagessen;Junge;Literatur;Kanu
Strichcode;Berlin;Zucht;Welt;Kind
Schwiegertochter;Meile;Nachname;Jahreswechsel;Leinwand
Hut;Gürtel;Fernsehsender;Frau;Mann
Wahrheit;Spaß;Geige;Puzzel;Bierfass
Schmalz;Himmel;Papst;Spielzeugauto;Erzieher
Segelflugzeug;Telefonbuch;Handy;Messgerät;Locher
Regen;Schrift;Rennen;Satz;Anzeige
Drucker;Müllabfuhr;Unterschrift;Immobilie;Salz
Strom;Hafen;Opa;Arbeit;Autogramm
Büro;Strafzettel;Bundestag;Aktie;Mikrofon
DVD;Fabel;Akku;Bauer;Kindergarten
Taufe;Bergbahn;Holz;Telefonnummer;Astrologie
Herbst;Roman;Schadenfreude;Folterkeller;Kamera
Signal;Ofen;PKW;Dame;Reisepass
Bombe;Ständer;Verbrechen;Zange;Achse
Kommentar;Kommentar;Kind;Brot;Quelle
Fitnessstudio;Tonne;Natur;Abendbrot;Auskunft
Verbot;Brille;Mann;Tunnel;Universum
Müll;Zelt;Wand;Vater;Postkarte
Kabel;Papierflieger;LKW;Kegel;Anschlag
Flugbegleiter;Copilot;Ehe;Radler;Ingenieur
Anwalt;Verlag;Emoji;Zugabteil;Segelschiff
Ohrring;Reich;Zoll;China;Infrastruktur
Trend;Training;Spülmaschine;Lampenfieber;Hexe
Sauerstoff;Abflug;Schallplattenspieler;Kaserne;Smartphone
Verein;Schlüssel;Schublade;Katze;Brötchen
Ausstellung;Vogelfutter;Butter;Socke;Comic
Boot;Dessert;Tennis;Koteletten;Alaska
Kiwi;Schuppen;Plagiat;Soldat;Krankenwagen
Fleisch;Scheidung;Muskel;Keller;Gasse
Hamburger;Kiefer;Kohle;Plan;Pass
Rügen;See;Schild;Tor;Weizen
Rute;Otter;Niete;Spinne;Zylinder
Wanze;Maus;Löffel;Bremse;Blatt